MSOA11CD,MSOA,residual
E02000001,City of London 001,-282600.9902
E02000002,Barking and Dagenham 001,42058.16207
E02000003,Barking and Dagenham 002,-142610.1469
E02000004,Barking and Dagenham 003,-191185.1882
E02000005,Barking and Dagenham 004,-75517.72166
E02000007,Barking and Dagenham 006,69191.29075
E02000008,Barking and Dagenham 007,78023.75345
E02000009,Barking and Dagenham 008,42946.15521
E02000010,Barking and Dagenham 009,-45539.19449
E02000011,Barking and Dagenham 010,-39745.71805
E02000012,Barking and Dagenham 011,-174269.4327
E02000013,Barking and Dagenham 012,44458.34735
E02000014,Barking and Dagenham 013,17913.53971
E02000015,Barking and Dagenham 014,-5349.025293
E02000016,Barking and Dagenham 015,-12849.72749
E02000017,Barking and Dagenham 016,27131.87385
E02000018,Barking and Dagenham 017,92100.82738
E02000019,Barking and Dagenham 018,28016.23701
E02000020,Barking and Dagenham 019,6576.586393
E02000021,Barking and Dagenham 020,22339.0304
E02000022,Barking and Dagenham 021,98318.80688
E02000023,Barking and Dagenham 022,240614.0169
E02006799,Barking and Dagenham 023,106726.4173
E02000024,Barnet 001,-291809.4179
E02000025,Barnet 002,-56075.25029
E02000026,Barnet 003,-139513.8223
E02000027,Barnet 004,-93512.18469
E02000028,Barnet 005,-199982.2512
E02000029,Barnet 006,-97825.13723
E02000030,Barnet 007,158875.4535
E02000031,Barnet 008,29985.48905
E02000032,Barnet 009,-118643.9384
E02000033,Barnet 010,-41433.58041
E02000034,Barnet 011,-116194.7755
E02000035,Barnet 012,-101718.9066
E02000036,Barnet 013,-87068.80632
E02000037,Barnet 014,-124674.504
E02000038,Barnet 015,-151230.589
E02000039,Barnet 016,-134725.5779
E02000040,Barnet 017,101757.3631
E02000041,Barnet 018,64025.23612
E02000042,Barnet 019,-75906.60813
E02000043,Barnet 020,-269443.839
E02000044,Barnet 021,-31900.19691
E02000045,Barnet 022,-65468.82712
E02000046,Barnet 023,-108864.0843
E02000047,Barnet 024,-34951.23828
E02000048,Barnet 025,71784.79533
E02000049,Barnet 026,90034.86741
E02000050,Barnet 027,-28032.38841
E02000051,Barnet 028,234513.3814
E02000052,Barnet 029,-166299.5693
E02000053,Barnet 030,-49025.20872
E02000054,Barnet 031,-83643.40707
E02000055,Barnet 032,83513.23239
E02000056,Barnet 033,675212.4813
E02000057,Barnet 034,117303.6951
E02000058,Barnet 035,243666.9227
E02000059,Barnet 036,-46729.71252
E02000060,Barnet 037,419477.7398
E02000061,Barnet 038,530353.1965
E02000062,Barnet 039,114970.6758
E02000063,Barnet 040,37339.95791
E02000064,Barnet 041,365472.0758
E02000065,Bexley 001,-61060.63464
E02000066,Bexley 002,-18306.12326
E02000067,Bexley 003,-59857.11501
E02000068,Bexley 004,-76785.17391
E02000069,Bexley 005,-138599.9315
E02000070,Bexley 006,-289106.0952
E02000071,Bexley 007,-199342.8877
E02000072,Bexley 008,-16326.25516
E02000073,Bexley 009,-383648.8224
E02000074,Bexley 010,-39967.79009
E02000075,Bexley 011,-271929.328
E02000077,Bexley 013,-329175.1965
E02000078,Bexley 014,-305309.4595
E02000079,Bexley 015,-250066.7794
E02000080,Bexley 016,-207233.2854
E02000081,Bexley 017,-241175.1135
E02000082,Bexley 018,-332853.2131
E02000083,Bexley 019,-187226.6904
E02000084,Bexley 020,-282932.581
E02000085,Bexley 021,-302567.3144
E02000086,Bexley 022,-310326.0444
E02000087,Bexley 023,-341095.1624
E02000088,Bexley 024,-426942.5747
E02000089,Bexley 025,-380752.1693
E02000090,Bexley 026,-257725.9538
E02000091,Bexley 027,-131979.424
E02000092,Bexley 028,-91067.48745
E02006785,Bexley 029,-50382.38079
E02000093,Brent 001,-90343.7287
E02000094,Brent 002,-6810.253235
E02000095,Brent 003,-56927.33944
E02000096,Brent 004,-154557.4751
E02000097,Brent 005,-23280.83949
E02000098,Brent 006,139520.6749
E02000099,Brent 007,16438.27858
E02000100,Brent 008,-131954.8728
E02000101,Brent 009,233695.3423
E02000102,Brent 010,37572.87102
E02000103,Brent 011,101810.5651
E02000104,Brent 012,-71932.46321
E02000105,Brent 013,-31791.75316
E02000106,Brent 014,257024.2108
E02000107,Brent 015,158452.2468
E02000108,Brent 016,29773.91763
E02000109,Brent 017,-30538.84197
E02000110,Brent 018,143107.3295
E02000111,Brent 019,-25438.54109
E02000112,Brent 020,-19272.85254
E02000113,Brent 021,96668.35029
E02000114,Brent 022,150247.7164
E02000115,Brent 023,132399.3657
E02000116,Brent 024,274751.0899
E02000117,Brent 025,224014.1173
E02000118,Brent 026,-46562.37683
E02000119,Brent 027,88179.12832
E02000120,Brent 028,142703.6473
E02000121,Brent 029,-55202.41943
E02000122,Brent 030,346258.7236
E02000123,Brent 031,327011.1253
E02000124,Brent 032,429315.5733
E02000125,Brent 033,230481.0292
E02000126,Brent 034,238784.3691
E02000127,Bromley 001,-39404.95741
E02000128,Bromley 002,-265597.0914
E02000130,Bromley 004,-121051.5338
E02000131,Bromley 005,-42048.47379
E02000132,Bromley 006,-190448.4896
E02000133,Bromley 007,-301209.996
E02000134,Bromley 008,-207551.4331
E02000135,Bromley 009,63484.8425
E02000136,Bromley 010,-69533.51232
E02000137,Bromley 011,-234651.8669
E02000138,Bromley 012,-358974.1501
E02000139,Bromley 013,-217473.3417
E02000140,Bromley 014,-36854.01127
E02000141,Bromley 015,-126205.0473
E02000142,Bromley 016,-260139.2682
E02000144,Bromley 018,-344002.0442
E02000145,Bromley 019,-116830.4366
E02000146,Bromley 020,-261475.1224
E02000147,Bromley 021,-194557.8786
E02000148,Bromley 022,-279740.6579
E02000149,Bromley 023,-188635.6025
E02000150,Bromley 024,-208066.6965
E02000151,Bromley 025,-491232.3988
E02000152,Bromley 026,-183912.5474
E02000153,Bromley 027,-447304.835
E02000154,Bromley 028,-275296.781
E02000155,Bromley 029,-246898.75
E02000156,Bromley 030,-248148.2116
E02000157,Bromley 031,-546376.282
E02000158,Bromley 032,-222538.849
E02000159,Bromley 033,-322020.2948
E02000160,Bromley 034,-237357.6148
E02000161,Bromley 035,-452430.7647
E02000162,Bromley 036,-213998.22
E02000163,Bromley 037,-163724.6951
E02000165,Bromley 039,-433781.2024
E02006782,Bromley 040,-151132.4098
E02006787,Bromley 041,-268381.2379
E02006789,Bromley 042,-176857.0498
E02000166,Camden 001,340190.6713
E02000167,Camden 002,644496.2298
E02000168,Camden 003,180730.2274
E02000169,Camden 004,582279.456
E02000170,Camden 005,65986.86206
E02000171,Camden 006,314136.7317
E02000172,Camden 007,247372.402
E02000173,Camden 008,407144.1633
E02000174,Camden 009,128407.0063
E02000175,Camden 010,-54219.00697
E02000176,Camden 011,180938.7597
E02000177,Camden 012,232067.3678
E02000178,Camden 013,95512.71948
E02000179,Camden 014,393931.3946
E02000180,Camden 015,156009.7887
E02000181,Camden 016,107494.76
E02000182,Camden 017,397612.0587
E02000183,Camden 018,722834.4383
E02000184,Camden 019,54276.47475
E02000185,Camden 020,100778.9475
E02000186,Camden 021,1270640.971
E02000187,Camden 022,342131.9836
E02000188,Camden 023,92895.84022
E02000189,Camden 024,146546.2514
E02000190,Camden 025,323404.1489
E02000191,Camden 026,-13782.21941
E02000192,Camden 027,302077.3659
E02000193,Camden 028,102217.0298
E02000194,Croydon 001,-31779.98429
E02000195,Croydon 002,-49466.37949
E02000196,Croydon 003,-61984.53873
E02000197,Croydon 004,-8919.522925
E02000198,Croydon 005,-47680.47015
E02000199,Croydon 006,-121386.1521
E02000200,Croydon 007,-114652.4276
E02000201,Croydon 008,-48062.52381
E02000202,Croydon 009,-136314.0387
E02000203,Croydon 010,-82999.73796
E02000204,Croydon 011,-172009.3817
E02000206,Croydon 013,-69716.28894
E02000207,Croydon 014,-83360.08225
E02000208,Croydon 015,-24686.31101
E02000209,Croydon 016,1348.557137
E02000210,Croydon 017,-122464.6405
E02000211,Croydon 018,-185806.5071
E02000212,Croydon 019,-163220.4529
E02000213,Croydon 020,62016.65438
E02000214,Croydon 021,-239898.9513
E02000215,Croydon 022,-268436.713
E02000216,Croydon 023,-226863.3488
E02000217,Croydon 024,-136207.6605
E02000218,Croydon 025,2780.235728
E02000219,Croydon 026,-243532.6004
E02000220,Croydon 027,-240247.257
E02000221,Croydon 028,5185.989058
E02000222,Croydon 029,-193855.7151
E02000223,Croydon 030,58444.25916
E02000224,Croydon 031,-289593.8852
E02000225,Croydon 032,13858.80139
E02000226,Croydon 033,-331923.9086
E02000227,Croydon 034,-280148.2253
E02000228,Croydon 035,-394230.3065
E02000229,Croydon 036,-17284.16762
E02000230,Croydon 037,-214092.7125
E02000231,Croydon 038,-227760.6913
E02000232,Croydon 039,-228006.7294
E02000233,Croydon 040,-293623.7819
E02000234,Croydon 041,-193550.1541
E02000235,Croydon 042,-365615.5879
E02000236,Croydon 043,-387657.7387
E02000237,Croydon 044,-220667.492
E02006788,Croydon 045,-73648.95601
E02000238,Ealing 001,-119948.6572
E02000239,Ealing 002,-132040.7888
E02000240,Ealing 003,-23540.15073
E02000241,Ealing 004,-83138.67927
E02000242,Ealing 005,-47301.53297
E02000243,Ealing 006,-57947.71232
E02000244,Ealing 007,5172.369533
E02000245,Ealing 008,991.6969844
E02000246,Ealing 009,-49588.69756
E02000247,Ealing 010,-49756.7623
E02000248,Ealing 011,52611.43352
E02000249,Ealing 012,5665.695072
E02000250,Ealing 013,-210203.6292
E02000251,Ealing 014,-148946.5637
E02000252,Ealing 015,137849.2081
E02000253,Ealing 016,97160.89654
E02000254,Ealing 017,-130556.9431
E02000255,Ealing 018,7191.134243
E02000256,Ealing 019,-101875.2215
E02000257,Ealing 020,-82788.61509
E02000258,Ealing 021,146619.6809
E02000259,Ealing 022,-99971.96723
E02000260,Ealing 023,-111573.4984
E02000261,Ealing 024,225024.1978
E02000262,Ealing 025,250843.0583
E02000263,Ealing 026,-47857.12524
E02000264,Ealing 027,1542.58543
E02000265,Ealing 028,-13862.77227
E02000266,Ealing 029,7163.739673
E02000267,Ealing 030,-31270.92784
E02000268,Ealing 031,13482.57838
E02000269,Ealing 032,-210045.9193
E02000270,Ealing 033,120258.296
E02000271,Ealing 034,362016.2955
E02000272,Ealing 035,-37341.8826
E02000274,Ealing 037,-108182.979
E02000275,Ealing 038,43930.98332
E02000276,Ealing 039,-176281.214
E02006791,Ealing 040,-33725.32892
E02000277,Enfield 001,-122256.7429
E02000278,Enfield 002,17185.06613
E02000279,Enfield 003,-90979.42753
E02000280,Enfield 004,-119401.7172
E02000281,Enfield 005,-74218.8581
E02000282,Enfield 006,76318.24325
E02000283,Enfield 007,20032.25832
E02000284,Enfield 008,-180008.7393
E02000285,Enfield 009,-251221.0087
E02000286,Enfield 010,-119390.6331
E02000287,Enfield 011,175789.9987
E02000288,Enfield 012,-61339.34947
E02000289,Enfield 013,-141106.6619
E02000290,Enfield 014,31377.79887
E02000291,Enfield 015,-60724.59581
E02000292,Enfield 016,-125344.6212
E02000293,Enfield 017,-212226.8615
E02000294,Enfield 018,-71534.08869
E02000295,Enfield 019,-142063.7652
E02000296,Enfield 020,-49284.99651
E02000297,Enfield 021,-222334.6452
E02000298,Enfield 022,-96604.74159
E02000299,Enfield 023,22789.76806
E02000300,Enfield 024,-20895.82045
E02000301,Enfield 025,90966.83375
E02000302,Enfield 026,-59711.6217
E02000303,Enfield 027,58476.70783
E02000304,Enfield 028,-107721.3178
E02000305,Enfield 029,-128879.6932
E02000306,Enfield 030,177200.7764
E02000307,Enfield 031,-103170.0553
E02000308,Enfield 032,48818.17157
E02000309,Enfield 033,115735.2689
E02000311,Enfield 035,86687.30749
E02000312,Enfield 036,-104644.1159
E02006793,Enfield 037,96183.72113
E02000313,Greenwich 001,16334.44063
E02000314,Greenwich 002,10245.85851
E02000315,Greenwich 003,164677.8313
E02000316,Greenwich 004,130523.2008
E02000317,Greenwich 005,94804.16093
E02000318,Greenwich 006,114420.3857
E02000319,Greenwich 007,74751.40932
E02000320,Greenwich 008,-61686.516
E02000321,Greenwich 009,153143.0934
E02000323,Greenwich 011,-125.1374428
E02000324,Greenwich 012,89535.32058
E02000326,Greenwich 014,-136046.7353
E02000327,Greenwich 015,-32823.92669
E02000328,Greenwich 016,-78587.82667
E02000329,Greenwich 017,-75084.1809
E02000331,Greenwich 019,-159810.7486
E02000332,Greenwich 020,-192875.6599
E02000333,Greenwich 021,-243192.1921
E02000334,Greenwich 022,-45837.07864
E02000335,Greenwich 023,-235529.0554
E02000337,Greenwich 025,-67069.79154
E02000339,Greenwich 027,-137164.6467
E02000340,Greenwich 028,-125642.3079
E02000341,Greenwich 029,-144813.5595
E02000342,Greenwich 030,-16291.41732
E02000343,Greenwich 031,-39071.46689
E02000344,Greenwich 032,-172251.5199
E02006786,Greenwich 033,-15500.0401
E02006927,Greenwich 034,-48405.03699
E02006928,Greenwich 035,-5772.047933
E02006929,Greenwich 036,-66083.36818
E02006930,Greenwich 037,-307287.1258
E02006931,Greenwich 038,107678.5198
E02000345,Hackney 001,31183.6594
E02000346,Hackney 002,533239.0256
E02000347,Hackney 003,385617.1383
E02000348,Hackney 004,455254.5686
E02000350,Hackney 006,17921.3049
E02000351,Hackney 007,-60487.44835
E02000352,Hackney 008,121563.2786
E02000353,Hackney 009,-105566.2294
E02000354,Hackney 010,242534.3642
E02000355,Hackney 011,190025.1758
E02000356,Hackney 012,20059.00755
E02000357,Hackney 013,98222.66481
E02000358,Hackney 014,124909.1354
E02000359,Hackney 015,160469.3779
E02000360,Hackney 016,160793.876
E02000361,Hackney 017,32630.24806
E02000362,Hackney 018,116962.823
E02000363,Hackney 019,260578.2701
E02000364,Hackney 020,203841.916
E02000365,Hackney 021,130079.4643
E02000366,Hackney 022,151013.2093
E02000367,Hackney 023,81242.34545
E02000368,Hackney 024,95097.83076
E02000369,Hackney 025,139776.6262
E02000370,Hackney 026,93213.34262
E02000371,Hackney 027,167665.0393
E02006918,Hackney 028,86466.24216
E02006921,Hackney 029,124376.0224
E02000372,Hammersmith and Fulham 001,87748.89509
E02000373,Hammersmith and Fulham 002,191889.6875
E02000374,Hammersmith and Fulham 003,336068.4915
E02000375,Hammersmith and Fulham 004,247093.6168
E02000376,Hammersmith and Fulham 005,99768.41877
E02000377,Hammersmith and Fulham 006,287152.5644
E02000378,Hammersmith and Fulham 007,65721.1454
E02000379,Hammersmith and Fulham 008,116185.4303
E02000380,Hammersmith and Fulham 009,262709.0745
E02000381,Hammersmith and Fulham 010,294309.5375
E02000382,Hammersmith and Fulham 011,30799.96154
E02000383,Hammersmith and Fulham 012,32527.77414
E02000384,Hammersmith and Fulham 013,413212.7826
E02000385,Hammersmith and Fulham 014,-163173.162
E02000386,Hammersmith and Fulham 015,188163.2364
E02000387,Hammersmith and Fulham 016,21511.56151
E02000388,Hammersmith and Fulham 017,627071.6294
E02000389,Hammersmith and Fulham 018,102660.2071
E02000390,Hammersmith and Fulham 019,222709.234
E02000391,Hammersmith and Fulham 020,783256.1165
E02000392,Hammersmith and Fulham 021,246811.4208
E02000393,Hammersmith and Fulham 022,-333436.6516
E02000394,Hammersmith and Fulham 023,300035.8499
E02000395,Hammersmith and Fulham 024,529675.5095
E02000396,Hammersmith and Fulham 025,430304.7325
E02000397,Haringey 001,108319.7708
E02000398,Haringey 002,156406.1453
E02000400,Haringey 004,7623.051639
E02000401,Haringey 005,109460.5851
E02000402,Haringey 006,50691.96885
E02000403,Haringey 007,-9419.783842
E02000404,Haringey 008,-34957.54252
E02000405,Haringey 009,-56179.59344
E02000406,Haringey 010,192219.542
E02000407,Haringey 011,77239.21069
E02000408,Haringey 012,-8608.779264
E02000409,Haringey 013,170758.0053
E02000410,Haringey 014,-56428.31045
E02000411,Haringey 015,42817.18173
E02000412,Haringey 016,145826.4543
E02000413,Haringey 017,196842.4614
E02000414,Haringey 018,18361.88529
E02000415,Haringey 019,18558.64064
E02000416,Haringey 020,-14145.63973
E02000417,Haringey 021,45454.94046
E02000418,Haringey 022,91214.0214
E02000419,Haringey 023,201192.8274
E02000420,Haringey 024,78640.34282
E02000421,Haringey 025,200279.9076
E02000422,Haringey 026,134912.3416
E02000423,Haringey 027,-60760.90834
E02000424,Haringey 028,317165.7641
E02000425,Haringey 029,138003.5035
E02000426,Haringey 030,713903.5965
E02000427,Haringey 031,-183510.8105
E02000428,Haringey 032,60445.82772
E02000429,Haringey 033,-141865.2252
E02000430,Haringey 034,-113610.649
E02000431,Haringey 035,7655.043214
E02000432,Haringey 036,31692.79471
E02006794,Haringey 037,172977.5323
E02000433,Harrow 001,244198.8386
E02000434,Harrow 002,-161637.3441
E02000435,Harrow 003,38701.20549
E02000436,Harrow 004,-105315.0213
E02000437,Harrow 005,-18157.6422
E02000438,Harrow 006,33640.96793
E02000439,Harrow 007,-126972.7283
E02000440,Harrow 008,-201947.0011
E02000441,Harrow 009,-7564.16239
E02000442,Harrow 010,-122966.6533
E02000443,Harrow 011,-15621.92803
E02000444,Harrow 012,-176842.46
E02000445,Harrow 013,-131993.651
E02000447,Harrow 015,-253843.1884
E02000448,Harrow 016,-113958.4005
E02000449,Harrow 017,-118345.7106
E02000451,Harrow 019,-343772.1245
E02000452,Harrow 020,-120078.2942
E02000453,Harrow 021,-201434.363
E02000454,Harrow 022,-364465.0869
E02000455,Harrow 023,-207697.8415
E02000456,Harrow 024,-255464.1437
E02000457,Harrow 025,-282053.6761
E02000459,Harrow 027,-127629.7046
E02000460,Harrow 028,-44438.50361
E02000461,Harrow 029,-207516.7406
E02000462,Harrow 030,-129082.3382
E02000463,Harrow 031,-78032.21931
E02006795,Harrow 032,-220918.6332
E02006882,Harrow 033,-115430.0366
E02000464,Havering 001,-51829.30028
E02000465,Havering 002,-100002.7357
E02000466,Havering 003,-46424.33466
E02000467,Havering 004,-41508.53977
E02000468,Havering 005,-141011.252
E02000469,Havering 006,-84995.7065
E02000470,Havering 007,-344928.0083
E02000471,Havering 008,-214299.1992
E02000472,Havering 009,-237452.4501
E02000473,Havering 010,-160975.3077
E02000474,Havering 011,-138589.5365
E02000475,Havering 012,-50588.23525
E02000476,Havering 013,-163696.322
E02000477,Havering 014,-378850.3326
E02000478,Havering 015,-27662.18552
E02000479,Havering 016,-121201.6851
E02000480,Havering 017,-216640.1454
E02000481,Havering 018,-260775.9377
E02000482,Havering 019,-391356.072
E02000483,Havering 020,-225557.6286
E02000484,Havering 021,-291377.7279
E02000485,Havering 022,-302189.5619
E02000486,Havering 023,-310216.1687
E02000487,Havering 024,-711371.8471
E02000488,Havering 025,-378380.7753
E02000489,Havering 026,-182632.9492
E02000490,Havering 027,-142299.2764
E02000491,Havering 028,-75063.86667
E02000492,Havering 029,-170935.7209
E02000493,Havering 030,-200383.444
E02000494,Hillingdon 001,109876.8574
E02000495,Hillingdon 002,-45515.51945
E02000496,Hillingdon 003,-152211.6456
E02000497,Hillingdon 004,-190106.6983
E02000498,Hillingdon 005,-268953.5739
E02000499,Hillingdon 006,-280480.5838
E02000500,Hillingdon 007,-324899.0958
E02000501,Hillingdon 008,-249094.3164
E02000502,Hillingdon 009,-259364.5648
E02000503,Hillingdon 010,-451546.3914
E02000504,Hillingdon 011,-188806.1996
E02000506,Hillingdon 013,-110418.3261
E02000507,Hillingdon 014,-294591.2878
E02000508,Hillingdon 015,-268281.1681
E02000509,Hillingdon 016,-312018.9294
E02000510,Hillingdon 017,-254028.9147
E02000511,Hillingdon 018,-254963.508
E02000512,Hillingdon 019,-169160.9908
E02000513,Hillingdon 020,-38858.00122
E02000514,Hillingdon 021,-185920.8767
E02000515,Hillingdon 022,-150162.1118
E02000516,Hillingdon 023,-152846.0383
E02000517,Hillingdon 024,-93421.40622
E02000518,Hillingdon 025,-172117.2792
E02000519,Hillingdon 026,-102367.9859
E02000520,Hillingdon 027,-79750.50162
E02000521,Hillingdon 028,-173460.5134
E02000522,Hillingdon 029,-134718.6254
E02000523,Hillingdon 030,-139134.5418
E02000524,Hillingdon 031,-148796.5317
E02000525,Hillingdon 032,-164915.566
E02006796,Hillingdon 033,-259901.8935
E02000526,Hounslow 001,110196.0119
E02000528,Hounslow 003,14954.45516
E02000529,Hounslow 004,-126896.9348
E02000530,Hounslow 005,-49478.52749
E02000531,Hounslow 006,-11007.21675
E02000532,Hounslow 007,208298.1122
E02000533,Hounslow 008,-18689.88104
E02000534,Hounslow 009,-145150.9252
E02000535,Hounslow 010,-136606.7024
E02000536,Hounslow 011,-96359.44033
E02000537,Hounslow 012,-165516.8498
E02000538,Hounslow 013,-84409.56686
E02000539,Hounslow 014,-107511.8311
E02000540,Hounslow 015,-130977.5675
E02000541,Hounslow 016,-44519.54168
E02000542,Hounslow 017,-77953.05709
E02000543,Hounslow 018,-91982.58604
E02000544,Hounslow 019,-200168.7526
E02000545,Hounslow 020,-41456.331
E02000546,Hounslow 021,-112282.1923
E02000547,Hounslow 022,-55382.64996
E02000548,Hounslow 023,-109668.5311
E02000549,Hounslow 024,-119485.1125
E02000550,Hounslow 025,-116710.9001
E02000551,Hounslow 026,-31592.71725
E02000552,Hounslow 027,-242526.9037
E02000553,Hounslow 028,-93747.24529
E02006792,Hounslow 029,43662.54876
E02000554,Islington 001,169620.0145
E02000555,Islington 002,46449.87275
E02000556,Islington 003,-16676.72196
E02000557,Islington 004,71835.01982
E02000558,Islington 005,155632.3934
E02000559,Islington 006,-58937.32861
E02000560,Islington 007,61224.18025
E02000561,Islington 008,-34972.91769
E02000562,Islington 009,6551.354585
E02000563,Islington 010,108735.3173
E02000564,Islington 011,-58403.87958
E02000565,Islington 012,150249.2139
E02000566,Islington 013,134246.8067
E02000567,Islington 014,49476.79643
E02000568,Islington 015,52623.825
E02000569,Islington 016,285802.8328
E02000570,Islington 017,-66608.4127
E02000571,Islington 018,91420.17015
E02000572,Islington 019,143869.4156
E02000573,Islington 020,109315.285
E02000574,Islington 021,97558.70463
E02000575,Islington 022,78762.13293
E02000576,Islington 023,62777.35624
E02000577,Kensington and Chelsea 001,368100.5246
E02000578,Kensington and Chelsea 002,407698.778
E02000579,Kensington and Chelsea 003,484809.4086
E02000580,Kensington and Chelsea 004,725319.6313
E02000581,Kensington and Chelsea 005,690033.9157
E02000582,Kensington and Chelsea 006,1109836.136
E02000583,Kensington and Chelsea 007,1393811.561
E02000584,Kensington and Chelsea 008,1081839.104
E02000585,Kensington and Chelsea 009,1454813.666
E02000586,Kensington and Chelsea 010,1316244.248
E02000587,Kensington and Chelsea 011,1197982.882
E02000588,Kensington and Chelsea 012,1954249.902
E02000589,Kensington and Chelsea 013,477481.243
E02000590,Kensington and Chelsea 014,1406883.425
E02000591,Kensington and Chelsea 015,703308.1095
E02000592,Kensington and Chelsea 016,929970.9073
E02000593,Kensington and Chelsea 017,292508.9179
E02000594,Kensington and Chelsea 018,2179944.731
E02000595,Kensington and Chelsea 019,1369766.264
E02000596,Kensington and Chelsea 020,664010.5195
E02000597,Kensington and Chelsea 021,928226.3497
E02000598,Kingston upon Thames 001,-345600.4515
E02000599,Kingston upon Thames 002,240360.6903
E02000600,Kingston upon Thames 003,-166227.3675
E02000601,Kingston upon Thames 004,-295984.9438
E02000602,Kingston upon Thames 005,-127518.4197
E02000603,Kingston upon Thames 006,-114765.373
E02000604,Kingston upon Thames 007,-173486.4809
E02000605,Kingston upon Thames 008,-203231.8533
E02000606,Kingston upon Thames 009,-263135.6646
E02000607,Kingston upon Thames 010,-298906.6291
E02000608,Kingston upon Thames 011,-350052.5677
E02000609,Kingston upon Thames 012,-112198.7062
E02000610,Kingston upon Thames 013,-348261.1208
E02000611,Kingston upon Thames 014,-403016.996
E02000612,Kingston upon Thames 015,-168953.1151
E02000613,Kingston upon Thames 016,-194698.0733
E02000614,Kingston upon Thames 017,-216940.1267
E02000615,Kingston upon Thames 018,-257151.4687
E02000616,Kingston upon Thames 019,-276010.5931
E02000617,Kingston upon Thames 020,-295523.028
E02000619,Lambeth 002,55196.56562
E02000620,Lambeth 003,79445.23655
E02000621,Lambeth 004,1048529.359
E02000622,Lambeth 005,-133341.0687
E02000623,Lambeth 006,46213.33004
E02000624,Lambeth 007,-91544.77704
E02000625,Lambeth 008,-30829.37954
E02000626,Lambeth 009,90576.23693
E02000627,Lambeth 010,-113935.864
E02000628,Lambeth 011,163550.6204
E02000629,Lambeth 012,-80843.09833
E02000630,Lambeth 013,7276.49359
E02000631,Lambeth 014,-54770.05585
E02000632,Lambeth 015,-184885.76
E02000633,Lambeth 016,122524.9255
E02000634,Lambeth 017,64035.79718
E02000635,Lambeth 018,117587.3404
E02000636,Lambeth 019,-173301.5136
E02000637,Lambeth 020,751.3081372
E02000638,Lambeth 021,-33883.64225
E02000639,Lambeth 022,104550.3184
E02000640,Lambeth 023,-150188.5061
E02000641,Lambeth 024,14817.91255
E02000642,Lambeth 025,49776.60375
E02000643,Lambeth 026,-44506.73753
E02000644,Lambeth 027,-9067.086386
E02000645,Lambeth 028,-47084.45087
E02000646,Lambeth 029,-93532.02741
E02000647,Lambeth 030,-63513.99777
E02000648,Lambeth 031,132935.2347
E02000649,Lambeth 032,-76740.07904
E02000650,Lambeth 033,-3248.448221
E02000651,Lambeth 034,38020.86616
E02000652,Lambeth 035,37180.53909
E02006801,Lambeth 036,93491.90406
E02000653,Lewisham 001,11867.87443
E02000654,Lewisham 002,62431.10479
E02000655,Lewisham 003,-63444.70932
E02000657,Lewisham 005,14748.49335
E02000658,Lewisham 006,50416.10009
E02000659,Lewisham 007,59818.16316
E02000660,Lewisham 008,-19240.80332
E02000661,Lewisham 009,-182235.2485
E02000662,Lewisham 010,13949.23741
E02000663,Lewisham 011,-113809.776
E02000664,Lewisham 012,78830.62711
E02000665,Lewisham 013,-42509.62631
E02000666,Lewisham 014,-81944.26786
E02000667,Lewisham 015,-73101.90548
E02000668,Lewisham 016,-82330.02115
E02000669,Lewisham 017,-47564.42588
E02000670,Lewisham 018,97566.14783
E02000671,Lewisham 019,-2065.462097
E02000672,Lewisham 020,43344.81195
E02000673,Lewisham 021,-141562.1674
E02000674,Lewisham 022,-141149.835
E02000675,Lewisham 023,-152243.4529
E02000676,Lewisham 024,-95282.67415
E02000677,Lewisham 025,-131346.5679
E02000678,Lewisham 026,-79568.91787
E02000679,Lewisham 027,67449.86995
E02000680,Lewisham 028,87213.35862
E02000681,Lewisham 029,80465.29927
E02000682,Lewisham 030,35142.63007
E02000683,Lewisham 031,18711.9065
E02000685,Lewisham 033,21063.33857
E02000686,Lewisham 034,16904.01945
E02000687,Lewisham 035,-10283.33144
E02006783,Lewisham 037,79747.34314
E02006784,Lewisham 038,101859.9616
E02006798,Lewisham 039,57997.68155
E02000689,Merton 001,-200611.8752
E02000690,Merton 002,1135487.637
E02000691,Merton 003,-139867.3567
E02000692,Merton 004,-82669.1175
E02000693,Merton 005,-207895.4111
E02000694,Merton 006,-322303.7171
E02000695,Merton 007,-42116.9487
E02000696,Merton 008,-163836.9194
E02000697,Merton 009,-336675.5131
E02000698,Merton 010,163885.8349
E02000699,Merton 011,-298208.2621
E02000700,Merton 012,-9087.470423
E02000701,Merton 013,-141307.5099
E02000702,Merton 014,-68969.58342
E02000703,Merton 015,-8110.525626
E02000704,Merton 016,-131395.4942
E02000705,Merton 017,-116492.6487
E02000706,Merton 018,59079.18858
E02000707,Merton 019,-53929.02492
E02000708,Merton 020,-288575.0156
E02000709,Merton 021,-123184.793
E02000710,Merton 022,-34812.17511
E02000711,Merton 023,-53194.49153
E02000712,Merton 024,-51971.75298
E02000713,Merton 025,-176146.3104
E02000714,Newham 001,47010.87524
E02000715,Newham 002,156653.9455
E02000716,Newham 003,113846.8478
E02000717,Newham 004,31680.23552
E02000718,Newham 005,82446.36736
E02000719,Newham 006,84483.68594
E02000720,Newham 007,177484.5766
E02000721,Newham 008,46365.63152
E02000722,Newham 009,31599.44199
E02000723,Newham 010,-44944.45467
E02000724,Newham 011,83611.66857
E02000725,Newham 012,-134562.9444
E02000726,Newham 013,-15074.76486
E02000727,Newham 014,27167.6878
E02000728,Newham 015,-113401.9345
E02000729,Newham 016,133641.5543
E02000730,Newham 017,26875.36396
E02000731,Newham 018,-20304.77818
E02000732,Newham 019,102722.5834
E02000733,Newham 020,154581.675
E02000734,Newham 021,127809.2105
E02000735,Newham 022,-33203.53007
E02000736,Newham 023,138975.5654
E02000737,Newham 024,137956.309
E02000738,Newham 025,-6985.500247
E02000739,Newham 026,21827.85278
E02000740,Newham 027,116471.95
E02000741,Newham 028,19831.85458
E02000742,Newham 029,39833.24228
E02000743,Newham 030,168020.9911
E02000744,Newham 031,8056.41988
E02000745,Newham 032,-13027.21098
E02000746,Newham 033,8784.044087
E02000747,Newham 034,-46054.71869
E02000748,Newham 035,-545.7510623
E02000749,Newham 036,137031.5246
E02000750,Newham 037,-330340.8166
E02000751,Redbridge 001,-159291.6069
E02000752,Redbridge 002,-47278.55263
E02000753,Redbridge 003,-120117.3934
E02000754,Redbridge 004,-231791.7288
E02000755,Redbridge 005,-119994.1558
E02000756,Redbridge 006,-87711.92546
E02000757,Redbridge 007,-291430.9166
E02000758,Redbridge 008,-87002.67281
E02000759,Redbridge 009,-192815.0497
E02000760,Redbridge 010,-160899.7013
E02000762,Redbridge 012,-227652.8332
E02000763,Redbridge 013,-147734.1246
E02000764,Redbridge 014,-255094.8824
E02000765,Redbridge 015,-214443.1324
E02000767,Redbridge 017,-258007.1515
E02000768,Redbridge 018,-150026.4851
E02000769,Redbridge 019,-218376.579
E02000770,Redbridge 020,-160926.3568
E02000772,Redbridge 022,-116777.8846
E02000773,Redbridge 023,-198714.9725
E02000774,Redbridge 024,-92719.3383
E02000776,Redbridge 026,-73268.46218
E02000777,Redbridge 027,-176642.2565
E02000779,Redbridge 029,-86261.37286
E02000780,Redbridge 030,-163684.2674
E02000781,Redbridge 031,-139087.6994
E02000782,Redbridge 032,-11947.22301
E02000783,Redbridge 033,37325.74541
E02006800,Redbridge 034,-61688.18627
E02006924,Redbridge 035,-24071.93215
E02006925,Redbridge 036,-115902.0603
E02000784,Richmond upon Thames 001,673016.0844
E02000785,Richmond upon Thames 002,-106737.1648
E02000786,Richmond upon Thames 003,138971.9995
E02000787,Richmond upon Thames 004,-101499.6073
E02000788,Richmond upon Thames 005,1404.580651
E02000789,Richmond upon Thames 006,43820.04685
E02000790,Richmond upon Thames 007,-158654.7272
E02000791,Richmond upon Thames 008,114424.0437
E02000792,Richmond upon Thames 009,-207745.9212
E02000793,Richmond upon Thames 010,-179963.342
E02000794,Richmond upon Thames 011,-333536.6022
E02000795,Richmond upon Thames 012,292285.0654
E02000796,Richmond upon Thames 013,-159274.0735
E02000797,Richmond upon Thames 014,-369645.3944
E02000798,Richmond upon Thames 015,-217872.7602
E02000799,Richmond upon Thames 016,-32638.60665
E02000800,Richmond upon Thames 017,-67088.8051
E02000801,Richmond upon Thames 018,-321294.861
E02000802,Richmond upon Thames 019,-192858.7799
E02000803,Richmond upon Thames 020,-108666.5851
E02000804,Richmond upon Thames 021,-125304.6423
E02000805,Richmond upon Thames 022,-189037.3257
E02000806,Richmond upon Thames 023,-53229.51596
E02000807,Southwark 001,-426594.7587
E02000808,Southwark 002,208901.2103
E02000809,Southwark 003,-287725.8103
E02000810,Southwark 004,-15225.8614
E02000812,Southwark 006,76443.44026
E02000813,Southwark 007,-9311.811147
E02000814,Southwark 008,-388020.8295
E02000815,Southwark 009,-193271.7781
E02000816,Southwark 010,78034.66656
E02000817,Southwark 011,36556.26839
E02000818,Southwark 012,-16566.39791
E02000819,Southwark 013,120713.325
E02000820,Southwark 014,106176.4845
E02000821,Southwark 015,165025.1274
E02000822,Southwark 016,13029.81871
E02000823,Southwark 017,122601.7848
E02000824,Southwark 018,109373.4039
E02000825,Southwark 019,32643.59057
E02000826,Southwark 020,-2645.881154
E02000827,Southwark 021,105194.0113
E02000828,Southwark 022,18578.10392
E02000829,Southwark 023,107236.134
E02000830,Southwark 024,134320.2304
E02000831,Southwark 025,176811.0019
E02000832,Southwark 026,125175.5802
E02000833,Southwark 027,-12561.2368
E02000834,Southwark 028,28888.92096
E02000835,Southwark 029,-110105.2278
E02000836,Southwark 030,-128980.4151
E02000837,Southwark 031,71012.97863
E02000838,Southwark 032,2793.835385
E02000839,Southwark 033,-41999.58134
E02006802,Southwark 034,155796.3976
E02000840,Sutton 001,-38982.44956
E02000841,Sutton 002,-98724.86841
E02000842,Sutton 003,-193202.5141
E02000843,Sutton 004,-343310.2727
E02000844,Sutton 005,-207823.5093
E02000845,Sutton 006,-325975.1278
E02000846,Sutton 007,-134991.6299
E02000847,Sutton 008,-226141.1892
E02000848,Sutton 009,-398148.0026
E02000849,Sutton 010,-313428.0679
E02000850,Sutton 011,-375603.9393
E02000851,Sutton 012,-146410.6654
E02000852,Sutton 013,-172894.4294
E02000853,Sutton 014,-175328.5898
E02000854,Sutton 015,-297571.2345
E02000855,Sutton 016,-318056.2774
E02000856,Sutton 017,-243409.2228
E02000857,Sutton 018,-300215.4166
E02000858,Sutton 019,-18193.16861
E02000859,Sutton 020,-145538.9613
E02000860,Sutton 021,-235620.6002
E02000861,Sutton 022,-339930.3328
E02000863,Sutton 024,-252436.2444
E02006836,Sutton 025,-293255.3735
E02000864,Tower Hamlets 001,-49799.40308
E02000865,Tower Hamlets 002,124222.8596
E02000866,Tower Hamlets 003,-131497.0645
E02000867,Tower Hamlets 004,-281696.3678
E02000868,Tower Hamlets 005,-15691.58516
E02000869,Tower Hamlets 006,162324.7998
E02000870,Tower Hamlets 007,15436.52149
E02000871,Tower Hamlets 008,34520.3332
E02000872,Tower Hamlets 009,185689.9528
E02000873,Tower Hamlets 010,89348.47593
E02000874,Tower Hamlets 011,201202.8642
E02000875,Tower Hamlets 012,-99194.71812
E02000876,Tower Hamlets 013,-128289.1494
E02000877,Tower Hamlets 014,21151.27838
E02000878,Tower Hamlets 015,156554.8069
E02000879,Tower Hamlets 016,48648.0427
E02000880,Tower Hamlets 017,29743.1247
E02000881,Tower Hamlets 018,57662.44892
E02000882,Tower Hamlets 019,141155.1245
E02000883,Tower Hamlets 020,90303.45366
E02000884,Tower Hamlets 021,97952.64515
E02000885,Tower Hamlets 022,-16053.56699
E02000886,Tower Hamlets 023,-40149.59819
E02000887,Tower Hamlets 024,25666.87982
E02000888,Tower Hamlets 025,-112440.3581
E02000889,Tower Hamlets 026,-135213.906
E02000890,Tower Hamlets 027,-257562.9387
E02000891,Tower Hamlets 028,-648165.8078
E02000893,Tower Hamlets 030,-42847.92502
E02000894,Tower Hamlets 031,-228809.5095
E02006853,Tower Hamlets 032,-220105.0901
E02006854,Tower Hamlets 033,-1036337.033
E02000895,Waltham Forest 001,-52775.97196
E02000896,Waltham Forest 002,-131960.8683
E02000897,Waltham Forest 003,-16358.82581
E02000898,Waltham Forest 004,-132739.3574
E02000899,Waltham Forest 005,-73617.18266
E02000900,Waltham Forest 006,-65700.02218
E02000901,Waltham Forest 007,-280135.1265
E02000902,Waltham Forest 008,-71183.17178
E02000903,Waltham Forest 009,112539.27
E02000904,Waltham Forest 010,-2588.298041
E02000905,Waltham Forest 011,-3168.229319
E02000906,Waltham Forest 012,3270.629236
E02000907,Waltham Forest 013,137227.4057
E02000908,Waltham Forest 014,128169.8287
E02000909,Waltham Forest 015,2200.914223
E02000910,Waltham Forest 016,25133.69349
E02000911,Waltham Forest 017,73546.53223
E02000912,Waltham Forest 018,32968.2794
E02000913,Waltham Forest 019,76323.95071
E02000914,Waltham Forest 020,233906.4302
E02000915,Waltham Forest 021,-62465.396
E02000916,Waltham Forest 022,72159.01906
E02000917,Waltham Forest 023,-30589.58035
E02000918,Waltham Forest 024,144467.3207
E02000919,Waltham Forest 025,89376.33317
E02000920,Waltham Forest 026,51900.35396
E02000921,Waltham Forest 027,119346.2416
E02000922,Waltham Forest 028,146489.035
E02000923,Wandsworth 001,252533.0377
E02000924,Wandsworth 002,312403.5215
E02000925,Wandsworth 003,319985.7247
E02000926,Wandsworth 004,-73654.46395
E02000927,Wandsworth 005,33849.54658
E02000928,Wandsworth 006,-97716.86873
E02000929,Wandsworth 007,51232.91423
E02000930,Wandsworth 008,-150883.2125
E02000931,Wandsworth 009,-343551.8457
E02000932,Wandsworth 010,-330508.3697
E02000933,Wandsworth 011,12651.07229
E02000934,Wandsworth 012,-91502.9544
E02000935,Wandsworth 013,395623.028
E02000936,Wandsworth 014,-353567.3707
E02000937,Wandsworth 015,-90918.01455
E02000938,Wandsworth 016,156574.0644
E02000939,Wandsworth 017,54881.43947
E02000940,Wandsworth 018,-168483.8121
E02000941,Wandsworth 019,-147159.6707
E02000942,Wandsworth 020,-151361.9711
E02000943,Wandsworth 021,-306715.0045
E02000944,Wandsworth 022,-83431.34376
E02000945,Wandsworth 023,149598.5306
E02000946,Wandsworth 024,-68551.20966
E02000947,Wandsworth 025,-206609.1407
E02000948,Wandsworth 026,-298350.6337
E02000949,Wandsworth 027,-196991.9003
E02000950,Wandsworth 028,-37973.4225
E02000951,Wandsworth 029,-114212.9679
E02000952,Wandsworth 030,-105649.8299
E02000953,Wandsworth 031,-220128.2207
E02000954,Wandsworth 032,-39274.83119
E02000955,Wandsworth 033,128380.5198
E02000956,Wandsworth 034,-23415.88907
E02000957,Wandsworth 035,-16881.0938
E02000958,Wandsworth 036,-158124.1044
E02000959,Wandsworth 037,-21253.33487
E02000960,Westminster 001,868238.9332
E02000961,Westminster 002,431452.4308
E02000962,Westminster 003,715415.4647
E02000963,Westminster 004,222825.5287
E02000964,Westminster 005,93122.3203
E02000965,Westminster 006,34423.94213
E02000966,Westminster 007,340116.7525
E02000967,Westminster 008,139823.3889
E02000968,Westminster 009,209167.635
E02000969,Westminster 010,145796.3063
E02000970,Westminster 011,817978.9307
E02000971,Westminster 012,383547.7431
E02000972,Westminster 013,885278.5901
E02000973,Westminster 014,600167.6212
E02000974,Westminster 015,413681.8466
E02000975,Westminster 016,501057.1737
E02000976,Westminster 017,418351.0139
E02000977,Westminster 018,1421481.749
E02000978,Westminster 019,3773952.064
E02000979,Westminster 020,701325.4918
E02000980,Westminster 021,318159.1138
E02000981,Westminster 022,94795.89372
E02000982,Westminster 023,1766388.488
E02000983,Westminster 024,348111.6207
