MSOA11CD,MSOA,housing_price,mean_income,population,fertility_rate
E02000166,Camden 001,1013792,55000,8238,39.3
E02000167,Camden 002,1782611,81600,8251,64.1
E02000168,Camden 003,893129,58100,8781,47.4
E02000169,Camden 004,1596253,75900,8555,67.1
E02000170,Camden 005,884116,65400,8751,61.6
E02000171,Camden 006,968391,56500,8408,56.1
E02000172,Camden 007,597580,41600,11148,57.1
E02000173,Camden 008,1356084,72200,8504,63.8
E02000174,Camden 009,688052,50300,9105,45.7
E02000175,Camden 010,702019,59300,9479,40.7
E02000176,Camden 011,1065236,70000,7021,70.7
E02000177,Camden 012,634960,44700,9586,60.5
E02000178,Camden 013,526199,43800,9565,44.9
E02000179,Camden 014,1011287,56400,6756,68
E02000180,Camden 015,669353,49000,8334,52.5
E02000181,Camden 016,869456,62400,8238,60.1
E02000182,Camden 017,1132960,63100,7503,73.9
E02000183,Camden 018,1535883,64600,8115,57.8
E02000184,Camden 019,620556,50600,8862,45.5
E02000185,Camden 020,503098,45700,8981,67.6
E02000186,Camden 021,1889337,52500,6881,40.7
E02000187,Camden 022,678005,41200,8960,59.3
E02000188,Camden 023,432804,40600,8252,53.8
E02000189,Camden 024,622827,44300,6237,32.8
E02000190,Camden 025,751829,41300,8000,28.5
E02000191,Camden 026,784357,57700,8383,15.5
E02000192,Camden 027,864109,50600,7733,47
E02000193,Camden 028,892064,59000,8219,27.2
E02000372,Hammersmith and Fulham 001,464896,43200,9412,59
E02000373,Hammersmith and Fulham 002,373346,34700,6403,67.1
E02000374,Hammersmith and Fulham 003,701467,43100,6504,62.3
E02000375,Hammersmith and Fulham 004,609695,41900,6794,55
E02000376,Hammersmith and Fulham 005,538079,45000,6742,50.5
E02000377,Hammersmith and Fulham 006,648658,46000,8023,83.5
E02000378,Hammersmith and Fulham 007,655484,53700,6336,58.8
E02000379,Hammersmith and Fulham 008,700673,53500,7554,59.2
E02000380,Hammersmith and Fulham 009,1015821,61800,5691,58.9
E02000381,Hammersmith and Fulham 010,1038410,59600,7659,46.9
E02000382,Hammersmith and Fulham 011,771584,58200,5847,38.4
E02000383,Hammersmith and Fulham 012,734669,57300,9045,45.4
E02000384,Hammersmith and Fulham 013,890652,47200,7149,52.4
E02000385,Hammersmith and Fulham 014,700761,66000,5962,50.1
E02000386,Hammersmith and Fulham 015,607914,44700,8033,54.8
E02000387,Hammersmith and Fulham 016,660160,55600,6061,55.3
E02000388,Hammersmith and Fulham 017,1264675,56100,7924,59
E02000389,Hammersmith and Fulham 018,930026,65700,7995,60.5
E02000390,Hammersmith and Fulham 019,908564,59800,6160,68.1
E02000391,Hammersmith and Fulham 020,1522331,62300,7696,67.1
E02000392,Hammersmith and Fulham 021,1058895,68700,9131,86.3
E02000393,Hammersmith and Fulham 022,934075,84800,5720,42.1
E02000394,Hammersmith and Fulham 023,966217,57200,8072,56.9
E02000395,Hammersmith and Fulham 024,1372082,69700,5872,82.9
E02000396,Hammersmith and Fulham 025,1178795,63700,6580,73.6
E02000554,Islington 001,480166,38900,9459,52.1
E02000555,Islington 002,534917,48500,9534,57.5
E02000556,Islington 003,537916,51000,10231,52.2
E02000557,Islington 004,539628,49500,8333,71.4
E02000558,Islington 005,420169,39100,9698,69.1
E02000559,Islington 006,699486,59700,9725,42.7
E02000560,Islington 007,506199,47300,7756,64.1
E02000561,Islington 008,766384,64200,8014,59
E02000562,Islington 009,706099,56800,8429,42.8
E02000563,Islington 010,439468,43000,8617,73.4
E02000564,Islington 011,491793,52700,11502,65.4
E02000565,Islington 012,597048,46800,8614,60
E02000566,Islington 013,991794,67300,8823,61.2
E02000567,Islington 014,734991,59600,11218,66.8
E02000568,Islington 015,420724,41800,11350,52.4
E02000569,Islington 016,846987,50900,10537,49.3
E02000570,Islington 017,903014,72200,9271,56.8
E02000571,Islington 018,680014,52600,8446,51.7
E02000572,Islington 019,440215,38500,8804,54.1
E02000573,Islington 020,1032072,67600,9374,41.1
E02000574,Islington 021,760086,55100,9001,43.7
E02000575,Islington 022,808523,60800,13328,60
E02000576,Islington 023,690161,55400,10966,57.7
E02000577,Kensington and Chelsea 001,636803,36300,7116,48.4
E02000578,Kensington and Chelsea 002,727867,40700,5832,61.2
E02000579,Kensington and Chelsea 003,1155662,56100,8355,47.7
E02000580,Kensington and Chelsea 004,1160773,46700,8179,63.2
E02000581,Kensington and Chelsea 005,1055331,41500,7151,51.3
E02000582,Kensington and Chelsea 006,1954619,66300,7147,58.7
E02000583,Kensington and Chelsea 007,2372668,73600,6938,63.3
E02000584,Kensington and Chelsea 008,2180669,77200,7564,47.2
E02000585,Kensington and Chelsea 009,2302309,65800,8252,54.3
E02000586,Kensington and Chelsea 010,2686136,91100,7319,50.6
E02000587,Kensington and Chelsea 011,2375731,82900,7202,59.5
E02000588,Kensington and Chelsea 012,3017026,76900,8084,57.4
E02000589,Kensington and Chelsea 013,1306369,62900,8359,40.7
E02000590,Kensington and Chelsea 014,1987934,51000,7177,43.2
E02000591,Kensington and Chelsea 015,1297734,52600,6568,49.7
E02000592,Kensington and Chelsea 016,2073060,81700,6889,63.1
E02000593,Kensington and Chelsea 017,1306957,73900,7651,53.2
E02000594,Kensington and Chelsea 018,3051598,65500,7690,44.1
E02000595,Kensington and Chelsea 019,2352842,72900,7562,57
E02000596,Kensington and Chelsea 020,1801613,79100,8002,47.1
E02000597,Kensington and Chelsea 021,1328526,45200,7153,64.8
E02000619,Lambeth 002,521338,46600,8494,52.1
E02000620,Lambeth 003,632184,52600,9958,63.9
E02000621,Lambeth 004,1480728,46600,11055,63.6
E02000622,Lambeth 005,526438,56200,8573,52.2
E02000623,Lambeth 006,439065,44800,8323,64.6
E02000624,Lambeth 007,416650,48600,8296,51.5
E02000625,Lambeth 008,394448,44700,8375,52.9
E02000626,Lambeth 009,363221,39000,8558,65.6
E02000627,Lambeth 010,491770,52100,9706,42.4
E02000628,Lambeth 011,398601,37500,9874,68.1
E02000629,Lambeth 012,663820,60600,9105,53.6
E02000630,Lambeth 013,883722,66500,7786,49.3
E02000631,Lambeth 014,547798,55600,9543,67.5
E02000632,Lambeth 015,543473,57700,8941,39.2
E02000633,Lambeth 016,491540,44100,9038,67.9
E02000634,Lambeth 017,541177,46500,6683,47.6
E02000635,Lambeth 018,585970,49400,9163,70.5
E02000636,Lambeth 019,858447,78300,7786,77.6
E02000637,Lambeth 020,499515,48900,9011,56.8
E02000638,Lambeth 021,422987,48400,10797,67.6
E02000639,Lambeth 022,350493,37800,8466,66.5
E02000640,Lambeth 023,621779,66100,9571,82.1
E02000641,Lambeth 024,343102,43200,9048,75.6
E02000642,Lambeth 025,490868,50400,9771,86.7
E02000643,Lambeth 026,479343,52200,9308,70.9
E02000644,Lambeth 027,409098,49500,9043,88.3
E02000645,Lambeth 028,418276,52600,9432,93.5
E02000646,Lambeth 029,484437,54900,10056,71.1
E02000647,Lambeth 030,429131,50900,8869,72.6
E02000648,Lambeth 031,299588,37800,8252,93.4
E02000649,Lambeth 032,371122,51100,12758,89.2
E02000650,Lambeth 033,401417,46900,7612,75
E02000651,Lambeth 034,423318,47700,9309,87.1
E02000652,Lambeth 035,376095,45500,8196,87.8
E02006801,Lambeth 036,650602,56300,9460,87.8
E02000784,Richmond upon Thames 001,1531666,71000,10240,86.3
E02000785,Richmond upon Thames 002,901257,75300,9633,65
E02000786,Richmond upon Thames 003,936425,66000,11237,72.7
E02000787,Richmond upon Thames 004,634633,65800,11462,92.2
E02000788,Richmond upon Thames 005,837261,69500,8996,83.7
E02000789,Richmond upon Thames 006,834251,67800,6258,87.5
E02000790,Richmond upon Thames 007,915613,81200,6607,83
E02000791,Richmond upon Thames 008,1114221,78800,6474,91.9
E02000792,Richmond upon Thames 009,848307,76800,7101,59
E02000793,Richmond upon Thames 010,403130,53400,8306,59
E02000794,Richmond upon Thames 011,580659,69800,6856,59.1
E02000795,Richmond upon Thames 012,1270648,76600,6775,84
E02000796,Richmond upon Thames 013,386724,50600,10698,52.4
E02000797,Richmond upon Thames 014,532184,72400,7415,81.2
E02000798,Richmond upon Thames 015,470297,61900,11123,81.7
E02000799,Richmond upon Thames 016,807890,67300,6664,67
E02000800,Richmond upon Thames 017,470184,49100,5359,45.1
E02000801,Richmond upon Thames 018,566721,69600,6999,66.7
E02000802,Richmond upon Thames 019,551866,63800,7047,75.5
E02000803,Richmond upon Thames 020,401906,49800,9467,59
E02000804,Richmond upon Thames 021,621594,63300,7359,71.4
E02000805,Richmond upon Thames 022,593971,64500,11219,67.3
E02000806,Richmond upon Thames 023,631932,60000,10290,69.7
E02000807,Southwark 001,470532,69700,8994,64.3
E02000808,Southwark 002,817640,55400,10451,64.1
E02000809,Southwark 003,799543,75300,12979,38.1
E02000810,Southwark 004,445479,48800,11093,69
E02000812,Southwark 006,549856,50300,10688,75
E02000813,Southwark 007,417972,42900,10046,39.9
E02000814,Southwark 008,411477,63400,8785,54.2
E02000815,Southwark 009,408130,57200,6955,78.9
E02000816,Southwark 010,381081,39700,9530,60.1
E02000817,Southwark 011,345435,36300,6768,34.8
E02000818,Southwark 012,361108,44200,7643,65.7
E02000819,Southwark 013,357384,39200,8821,79.2
E02000820,Southwark 014,424301,40900,9607,63.2
E02000821,Southwark 015,358019,37800,8228,84.5
E02000822,Southwark 016,288151,39400,7398,67.5
E02000823,Southwark 017,427457,41900,8381,74.6
E02000824,Southwark 018,297930,35800,9917,72.2
E02000825,Southwark 019,281046,38500,9589,70.4
E02000826,Southwark 020,361675,46300,9102,84.6
E02000827,Southwark 021,320069,42300,10717,107.9
E02000828,Southwark 022,317959,42900,8400,83.3
E02000829,Southwark 023,366787,40300,11524,79
E02000830,Southwark 024,574243,51400,9030,93.9
E02000831,Southwark 025,545376,49100,9805,102.4
E02000832,Southwark 026,395798,40800,10521,78.7
E02000833,Southwark 027,419621,50400,7945,89.7
E02000834,Southwark 028,622224,59400,9444,96.8
E02000835,Southwark 029,468128,55200,7716,73
E02000836,Southwark 030,650081,66000,8191,79
E02000837,Southwark 031,1105235,80700,9416,93.2
E02000838,Southwark 032,557872,54400,9131,75.4
E02000839,Southwark 033,502744,54400,8106,78.9
E02006802,Southwark 034,645140,54500,7617,98.4
E02000923,Wandsworth 001,1077134,65000,7713,56.6
E02000924,Wandsworth 002,689363,44500,11912,68
E02000925,Wandsworth 003,771073,48000,7753,66.8
E02000926,Wandsworth 004,612507,61000,9400,76.2
E02000927,Wandsworth 005,641207,54300,7049,57
E02000928,Wandsworth 006,1010061,81100,8372,71
E02000929,Wandsworth 007,354881,41700,7299,73.6
E02000930,Wandsworth 008,681880,66800,10355,66.2
E02000931,Wandsworth 009,923073,88800,9198,69.9
E02000932,Wandsworth 010,717153,75600,10511,53.6
E02000933,Wandsworth 011,879646,67000,8521,56
E02000934,Wandsworth 012,685444,63800,9460,64.6
E02000935,Wandsworth 013,659300,38100,6953,62.5
E02000936,Wandsworth 014,561246,68300,8511,48.6
E02000937,Wandsworth 015,1145615,87600,8040,71.9
E02000938,Wandsworth 016,656566,49500,10087,60.5
E02000939,Wandsworth 017,1428626,96900,8143,89.1
E02000940,Wandsworth 018,465984,57800,8012,71.8
E02000941,Wandsworth 019,746009,72700,10119,86.2
E02000942,Wandsworth 020,816564,73600,9315,67
E02000943,Wandsworth 021,697424,74100,8463,58.1
E02000944,Wandsworth 022,412639,48700,7072,56.3
E02000945,Wandsworth 023,409109,37500,7912,59.8
E02000946,Wandsworth 024,592311,59200,8613,72.4
E02000947,Wandsworth 025,652094,71200,8470,87.6
E02000948,Wandsworth 026,579120,68200,9673,60.6
E02000949,Wandsworth 027,849855,76400,9593,59.4
E02000950,Wandsworth 028,495179,50400,7473,55.4
E02000951,Wandsworth 029,616124,61700,6567,66
E02000952,Wandsworth 030,760542,66300,5963,51.4
E02000953,Wandsworth 031,606625,68000,7538,76.5
E02000954,Wandsworth 032,568375,56600,6190,72.7
E02000955,Wandsworth 033,483151,45500,6429,82.4
E02000956,Wandsworth 034,429630,47900,7920,65.5
E02000957,Wandsworth 035,437360,49400,10960,75.3
E02000958,Wandsworth 036,512468,58200,8600,62.3
E02000959,Wandsworth 037,397888,48400,7986,80.4
E02000960,Westminster 001,1816552,70500,7155,52.4
E02000961,Westminster 002,1135275,60400,10145,66.1
E02000962,Westminster 003,1365427,55100,9020,48
E02000963,Westminster 004,595566,43700,10992,63.9
E02000964,Westminster 005,524743,47100,13562,67.2
E02000965,Westminster 006,812677,62100,8894,52.5
E02000966,Westminster 007,1203594,67800,10064,62.6
E02000967,Westminster 008,1206425,75900,8156,49.2
E02000968,Westminster 009,495177,38700,15274,59
E02000969,Westminster 010,507418,41600,9876,53.3
E02000970,Westminster 011,2025841,83600,9665,54.1
E02000971,Westminster 012,1244758,65200,8641,45.6
E02000972,Westminster 013,1550787,52800,9497,26.9
E02000973,Westminster 014,1313283,59900,10582,59.5
E02000974,Westminster 015,1174332,61100,8913,51.6
E02000975,Westminster 016,1371671,65300,9430,43
E02000976,Westminster 017,1194174,59600,10167,36.1
E02000977,Westminster 018,2377776,68800,6960,38
E02000978,Westminster 019,5257978,93800,10158,30.3
E02000979,Westminster 020,1442447,58600,9056,41
E02000980,Westminster 021,868984,49400,9493,42.5
E02000981,Westminster 022,1003818,66900,9473,41
E02000982,Westminster 023,2328898,51100,9080,50.2
E02000983,Westminster 024,905700,48800,9039,36.1
